board_name,title
Boy-Girl,討論 台灣聖女貞德不能娶
Boy-Girl,討論 會陪男生去無聊行程嗎
Boy-Girl,閒聊 很多女生高估自己
Boy-Girl,討論 直接問禮物要什麼很解嗎
Boy-Girl,閒聊 如果對方不是幸福家庭長大的小孩
Boy-Girl,討論 男女之間真的有純友誼嗎
Boy-Girl,閒聊 求職跟求偶一樣虛偽對吧
Boy-Girl,閒聊 女生會喜歡喜歡地獄梗的男生嗎
Boy-Girl,討論 以前曾是正妹這樣還算正妹嗎
Boy-Girl,閒聊 台灣女性最討厭男生三種行為
Boy-Girl,分享 我那個時代的愛情故事下
Boy-Girl,新聞 這些直男行為超傻眼 正妹網紅不適合交
Boy-Girl,討論 婆婆逼我跟先生離婚
Boy-Girl,閒聊 我這樣算幸運嗎
Boy-Girl,討論 女生喜歡川普馬斯克這種男生嗎
Boy-Girl,閒聊 會幫讓另一半社經管理嗎
Boy-Girl,討論 女友覺得魔物獵人把我綁架
Boy-Girl,討論 dcard熱議女友說要生小孩應該給他兩百萬
Boy-Girl,討論 會被另一半要求在家穿拖鞋嗎
Boy-Girl,心情 射手終於不再自己找虐
Boy-Girl,討論 怎麼認識修課的妹子
Boy-Girl,討論 怎樣算霸道男
Boy-Girl,閒聊 有人看過男性廢退這本書嗎
Boy-Girl,閒聊 女生會想跟孫生這種類型交往
Boy-Girl,分享 愛的車語6踩油門
Boy-Girl,閒聊 當你條件很好時你知道對方在想什麼嗎
Boy-Girl,分享 愛的貓語70坦白過去
Boy-Girl,心情 自以為不對等的愛情
Boy-Girl,討論 直男很難聊
Boy-Girl,討論 心情 運動家風度
Boy-Girl,心情 降低養貓開銷能拯救感情嗎
Boy-Girl,分享 我們那個時代的愛情故事
Boy-Girl,心情 因為開冷氣被唸敗家
Boy-Girl,分享 交往的過程發生甚麼了
Boy-Girl,閒聊 女生會喜歡這種男生嗎
Boy-Girl,討論 女生對於接送停車的想法
Boy-Girl,討論 怎樣的女生容易單身
Boy-Girl,閒聊 台男在世界各地臭台灣女生
Boy-Girl,討論 較清楚自己想要的另一半對成功找到男
Boy-Girl,閒聊 可篩選人種的交友軟體
Boy-Girl,閒聊 女權的終點484劣幣逐良
Boy-Girl,分享要分不分要離不離原來是這心理
Boy-Girl,討論 帶女生去北海福座約會有加分嗎
Boy-Girl,閒聊 dcard  外派越南外遇率百分百
Boy-Girl,新聞 吃壽司被搭訕　隔壁桌男頻騷擾女怒報警
Boy-Girl,討論 不結婚生子 人生有什麼意義
Boy-Girl,討論 換個角度思考
Boy-Girl,求助 心思都在工作賺錢上的男生是不是很難跟
Boy-Girl,討論 真的有像童話故事下集的男人
Boy-Girl,討論 憧憬家庭的男性版上有多少
Boy-Girl,求助 最後的算命合盤
Boy-Girl,討論 女人的直覺實在厲害
Boy-Girl, 分享愛的貓語69恐怖情人
Boy-Girl,討論 男生結婚是最吃虧的
Boy-Girl,討論 很多女生484無法給男生信任感啊
Boy-Girl,求助 聽了諾言後打電話給初戀
Boy-Girl,討論 科技圈最近燒起來的性騷案件
Boy-Girl,討論 九把刀還算是渣男嗎
Boy-Girl,板務 關於板規五純謾罵推文
Boy-Girl,心情 女友覺得過彎車頭沒壓好很雷吧
Boy-Girl,新聞你有友誼衰退男性比例增高　諮商師建議多社交
Boy-Girl,討論 會有不吵不鬧的解決矛盾的情侶嗎
Boy-Girl,討論 帥和有錢也沒用
Boy-Girl,討論 怎樣的人會讓人感覺不真實呢
Boy-Girl,求助 分手了 還要繼續演
Boy-Girl,心情 結婚的理由
Boy-Girl,分享 ai其實蠻懂男女議題的
Boy-Girl,求助 工時很長的工作是不是不容易找對象
Boy-Girl,討論 男友平日生日規劃
Boy-Girl,求助 送女友禮物被拒絕
Boy-Girl,分享 童話故事下集的終結
Boy-Girl,求助 跟另一半見面衍生的問題
Boy-Girl,討論 從洋腸跟台男來稍微比較
Boy-Girl,討論 介意生日吃平價切片蛋糕就是拜金
Boy-Girl,討論 女人拜金看外表其實是好事吧
Boy-Girl,新聞 好摳情人節吃8千元大餐男友應該請
Boy-Girl,討論 對拜金女的仇恨是幻想出來的吧
Boy-Girl,分享 被說aa窮男人該怎麼挑伴侶
Boy-Girl,分享 周三愛的貓語日愛的貓語68不經心
Boy-Girl,討論 好的感情一定是要對方遷就嗎
Boy-Girl,討論 先愛靈魂再愛軀殼 有可能嗎
Boy-Girl,討論 女生讓我感覺到就只是想爽而已
Boy-Girl,討論 好奇真的有很多是為了錢才在一起的嗎
Boy-Girl,閒聊 單身都做什麼提升吸引力
Boy-Girl,討論 女生484會無意識帶入角色
Boy-Girl,討論 以下算是詐騙型aa嗎
Boy-Girl,求助 不敢開車載女生出遊了
Boy-Girl,心情什麼情況下會想跳船
Boy-Girl,閒聊 中國35歲女網紅徵婚 很好笑
Boy-Girl,討論是不是不生小孩可以做無限多的事情
Boy-Girl,閒聊 政府給年輕人壓力不就好了
Boy-Girl,討論 有女生認為約會78次才能牽手
Boy-Girl,分享 給魯蛇關於aa的怨念
Boy-Girl,討論 誰該放棄工作
Boy-Girl,求助 個性不合但有動心 怎麼快速放下
Boy-Girl,板務 洗文與業配文認定
Boy-Girl,分享 愛的車語5歲月靜好的改車
Boy-Girl,分享 震驚連美國年輕人都不打砲了
Boy-Girl,討論 會有人沒過情人節嗎
Boy-Girl,新聞男生要保護自己　女凍未條拍男同事屁股慘了
Boy-Girl,閒聊 跟女權女結婚可以不用扛傳統父權責任嗎
Boy-Girl,心情 為什麼我想一直花錢在交友軟體上
Boy-Girl,分享 愛的貓語67愛情演化的終局
Boy-Girl,討論 臨時抱佛腳有效該怎麼升溫
Boy-Girl,心情 這不是暈船 什麼是暈
Boy-Girl,心情 前任不通人情
Boy-Girl,心情 原來這就是暈船
Boy-Girl,閒聊 沒想到我也有遇到摳男鬼故事的一天
Boy-Girl,分享 真心聊聊紅藥丸
Boy-Girl,討論 男友被搶誰要負最大責任
Boy-Girl,討論 玩咖女生的特徵
Boy-Girl,分享 莫讓情人節變成情人刧下
Boy-Girl,分享 莫讓情人節變成情人劫上
Boy-Girl,分享 其實可以多跟ai聊聊
Boy-Girl,討論 歐兔是弱勢男與難搞女的交匯地嗎
Boy-Girl,閒聊 我覺得男性的情緒價值 就是漂亮性愛
Boy-Girl,討論 為何那麼多人難服下紅藥丸
Boy-Girl,閒聊 老實 安全感 情緒價值 下一個會是什麼
Boy-Girl,求助 女友一直想跟前女友比較
Boy-Girl,求助 發現曖昧對象會抽菸
Boy-Girl,求助 跟有點好感但不算太熟的女生出國
Boy-Girl,閒聊 交友app詢問
Boy-Girl,求助 因為貓跟女友起爭執
Boy-Girl,討論 這樣算仇男嗎
Boy-Girl,討論 會仇男或仇女的人不能完全怪他們吧
Boy-Girl,閒聊 找對象
Boy-Girl,分享 愛的車語4胎壓管理
Boy-Girl,心情 女生是不是要逼男生物化女性才滿意
Boy-Girl,心情 兩桶水洗碗法能拯救感情嗎
Boy-Girl,分享 新年快樂愛的貓語66
Boy-Girl,分享 搞半天情緒價值就是錢啊
Boy-Girl,討論 感情潔癖的定義
Boy-Girl,分享 選擇為單身未婚的時代
Boy-Girl,閒聊 送禮珠銀亮彩口紅適合嗎
Boy-Girl,閒聊 東京鐵塔的幸福究竟是甚麼
Boy-Girl,心情 我覺得具俊華非常糟
Boy-Girl,閒聊 大家心目中的好貨是什麼
Boy-Girl,分享 無論男女出去走走吧
Boy-Girl,閒聊 有看過誇張的徵女條件嗎
Boy-Girl,討論 嘗試用手遊角度解釋男性吸引力
Boy-Girl,討論 不喜歡不講然後又生悶氣是有什麼毛病
Boy-Girl,討論 韓國男團席捲北美亞男地位有提高嗎
Boy-Girl,討論 台男會不會羨慕歐美國家的愛情
Boy-Girl, 討論 關於男生女生查對方底細
Boy-Girl,討論 女朋友跟老闆拍短影音會吃醋嗎
Boy-Girl,閒聊 走春意外聽到親戚的外遇八卦
Boy-Girl,討論 善良的肥宅可以得到單親媽媽的喜歡嗎
Boy-Girl,閒聊 cmb 配對率不高
Boy-Girl,心情 性平不要忍也不要理會保密條款
Boy-Girl,討論 懷疑喜歡的對象會慣性說謊
Boy-Girl,閒聊 聯合國連天皇都要管 日本撤資抗議
Boy-Girl,心情 和女友有代溝該改變自己嗎
Boy-Girl,閒聊 久違的感覺
Boy-Girl,心情 過年沒帶女生回家
Boy-Girl,討論 朋友間的邊界感
Boy-Girl,討論 男生喜歡被需要
Boy-Girl,求助 前女友南下一起看電影
Boy-Girl,討論  有對象還能追嗎
Boy-Girl,討論 為什麼把妹一定要扯到大道理
Boy-Girl,閒聊 求偶焦慮的存在意義
Boy-Girl,討論 相同條件下普妹會比普男容易找到另一半嗎
Boy-Girl,討論 女生條件的好壞標準是什麼
Boy-Girl,求助 女生懷疑我跟雞排老闆娘有什麼該怎麼解釋
Boy-Girl,閒聊 越南新娘過年紅包該包多少實例探討
Boy-Girl,閒聊 為什麼要聽分手的歌
Boy-Girl,新聞內田有紀也適用 日本伴侶制可望涵蓋異性戀
Boy-Girl,討論 交往多年不結婚的秘訣是什麼
Boy-Girl,討論 大家都怎麼交到男女朋友
Boy-Girl,討論 跟女友在同群組她聊一下午卻沒回我
Boy-Girl,討論 大家覺得這樣算精神出軌嗎
Boy-Girl,討論 其實結婚真的對女生蠻虧的吧
Boy-Girl,討論  傳什麼訊息算曖昧中
Boy-Girl,問卷 填問卷抽現金_未婚伴侶角色義務
Boy-Girl,討論 為什麼台男求偶焦慮那麼嚴重
Boy-Girl,求助 這樣算在曖昧嗎
Boy-Girl,心情 你愛我還是她
Boy-Girl,心情 分手了就給彼此一點空間吧
Boy-Girl,求助 吾非聖賢安知選之人不會成過客
Boy-Girl,分享 愛的貓語65愛的進程
Boy-Girl,閒聊 男生不排斥綠茶女
Boy-Girl,閒聊 脫離魯蛇的第一步
Boy-Girl,討論 普信會不會只是社會框架
Boy-Girl,閒聊 鄙視 ccr 又崇尚東南亞
Boy-Girl,討論 解決男女仇視與對立的方法
Boy-Girl,求助 精神障礙醜男有戀愛的自由嗎
Boy-Girl,閒聊 女生來家裡住要怎麼準備
Boy-Girl,討論 為什麼男生吃飯的速度超快
Boy-Girl,閒聊 錢要花在自己身上還是女生身上
Boy-Girl,心情 發現自己是備胎後怎麼走出來花多久
Boy-Girl,討論 在同居的狀態下 怎樣提分手比較體面點
Boy-Girl,討論 怎樣跟這種女生相處
Boy-Girl,求助 犯了錯被女友提分手後想復合
Boy-Girl,心情 現代女性的兩難
Boy-Girl,討論 你能接受女友不知道你的興趣嗎
Boy-Girl,心情 女友過去曾約砲如何調適
Boy-Girl,討論 轉念開始思考結婚
Boy-Girl,求助 遠距離該如何維持關係
Boy-Girl,求助 2月14情人節想幫男友配電腦該怎麼選
Boy-Girl,求助 女友做八大 每次去上班 都很擔心
Boy-Girl,問卷 親密關係中的冷暴力
Boy-Girl,討論 女朋友有人格分裂你們會怎麼做
Boy-Girl,討論 感謝禮
Boy-Girl,閒聊 熟男熟女交往的姿態
Boy-Girl,討論 過年要包紅包給對方家人嗎
Boy-Girl,分享 愛的貓語64愛的初旅程
Boy-Girl,討論 結婚前的凍卵費用aa是合理的嗎
Boy-Girl,閒聊 魯蛇的龍傲天心態
Boy-Girl,新聞 拒絕交往8年男友求婚分手2個月見喜帖
Boy-Girl,討論 聊天工具人和跟曖昧對象聊天差在哪
Boy-Girl,討論 男方希望當家庭主夫但女方經濟能力不夠
Boy-Girl,閒聊 都怎麼淡忘過去的啊
Boy-Girl,閒聊 我不喜歡對方遲到但是我自己可以遲到
Boy-Girl,討論 情緒價值與舔狗的差別
Boy-Girl,討論 應該要讚美外表嗎
Boy-Girl,討論 只有我覺得情緒價值是個屁嗎
Boy-Girl,討論 交友軟體見面要求視訊
Boy-Girl,分享 兒子是我的當愛情遇上佔有慾強的準
Boy-Girl,心情 女友不喜歡貓咪
Boy-Girl,討論 男生只要不在意是不是就沒戲了
Boy-Girl,討論 女生是不是很少能夠提供正面情緒價值
Boy-Girl,分享 愛情磨合要如何進行
Boy-Girl,討論 領低薪跟不置產是為了尋求真愛嗎
Boy-Girl,討論 女生可以接受男友老公是雙性戀嗎
Boy-Girl,求助 女友希望出去應酬不要擔心他時間
Boy-Girl,討論 所謂的直女發言有哪些
Boy-Girl,討論 工程師會養老婆的根據是哪來的
Boy-Girl,討論 女生到底要不要工作
Boy-Girl,求助 婚前被女友挑毛病產生不想忠誠的念頭
Boy-Girl,板務 關於是否增設閒聊分類
Boy-Girl,分享 愛的貓語63劈腿或外遇
Boy-Girl,心情 仇女不是答案
Boy-Girl,心情 你最近不說話怎麼了為什麼
Boy-Girl,心情 要怎麼做好 得不到心儀女孩的心裡準備
Boy-Girl,討論 男生喜歡聽的音樂
Boy-Girl,求助 爸媽反對是不是無解的難題
Boy-Girl,討論 許伯簡芝這種家庭事有解
Boy-Girl,討論 外遇跟出軌484很正常
Boy-Girl,討論 非單下載交友軟體用意
Boy-Girl,討論 如何看待19歲生過3個小孩的單親媽媽
Boy-Girl,分享 我悟了
Boy-Girl,討論 原本就不喜歡你的女生可能變成喜歡你嗎
Boy-Girl,討論 比渣男更恐怖 四大媽寶男類型
Boy-Girl,討論 多線發展
Boy-Girl,討論  出軌有前兆嗎
Boy-Girl,討論 舔狗流484被低估了
Boy-Girl,討論 是否該跟伴侶一起跨年
Boy-Girl,討論 女生可以接受約炮 不能接受買春嫖妓
Boy-Girl,分享 文學家朱宥勳回應建中麥當勞事件
Boy-Girl,分享 戀愛專家女生要主動不然等來的多半是渣男
Boy-Girl,分享 我和西藏公主的愛情故事
Boy-Girl,討論 女友發現我前任的卡片在不爽
Boy-Girl,討論 坦白對女友說跟死黨出去玩她卻不爽
Boy-Girl,心情 蚯蚓關心人類近視比例太高
Boy-Girl,討論 對象跟家人的互動很情緒化有影響嗎
Boy-Girl,心情 珊瑚海_分手之後
Boy-Girl,討論 男生很會做菜會不會加分
Boy-Girl,討論 看小說有感男生的擇偶標準
Boy-Girl,討論 出國對女生來說有什麼迷人之處
Boy-Girl,討論 如果問女生這個問題會怎樣
