Boy-Girl,討論,台灣,聖女,貞德,不能,娶
Boy-Girl,討論,會,陪,男生,去,無聊,行程,嗎
Boy-Girl,閒聊,很多,女生,高估,自己
Boy-Girl,討論,直接,問,禮物,要,什麼,很,解,嗎
Boy-Girl,閒聊,對方,不,是,幸福,家庭,長大,的,小孩
Boy-Girl,討論,男女,之間,真的,有,純,友誼,嗎
Boy-Girl,閒聊,求職,求偶,一樣,虛偽,對,吧
Boy-Girl,閒聊,女生,會,喜歡,喜歡,地獄,梗,的,男生,嗎
Boy-Girl,討論,以前,曾,是,正妹,這樣,還,算,正妹,嗎
Boy-Girl,閒聊,台灣,女性,最,討厭,男生,三,種,行為
Boy-Girl,分享,我,那,個,時代,的,愛情,故事,下
Boy-Girl,新聞,這些,直男,行為,超,傻眼,正妹,網紅,不,適合,交
Boy-Girl,討論,婆婆,逼,我,先生,離婚
Boy-Girl,閒聊,我,這樣,算,幸運,嗎
Boy-Girl,討論,女生,喜歡,川普,馬斯克,這,種,男生,嗎
Boy-Girl,閒聊,會,讓,另,一半,社經,管理,嗎
Boy-Girl,討論,女友,覺得,魔物,獵人,我,綁架
Boy-Girl,討論, dcard,熱議,女友,說,要,生,小孩,應該,給,他,兩百萬
Boy-Girl,討論,會,另,一半,要求,家,穿,拖鞋,嗎
Boy-Girl,心情,射手,終於,不再,自己,找,虐
Boy-Girl,討論,怎麼,認識,修課,的,妹子
Boy-Girl,討論,怎樣,算,霸道,男
Boy-Girl,閒聊,有,人,看過,男性,廢退,這,本,書,嗎
Boy-Girl,閒聊,女生,會,想,孫生,這,種,類型,交往
Boy-Girl,分享,愛,的,車語,6,踩,油門
Boy-Girl,閒聊,你,條件,很,好,時,你,知道,對方,想,什麼,嗎
Boy-Girl,分享,愛,的,貓語,70,坦白,過去
Boy-Girl,心情,自以為,不,對等,的,愛情
Boy-Girl,討論,直男,很,難聊
Boy-Girl,討論,心情,運動家,風度
Boy-Girl,心情,降低,養,貓,開銷,能,拯救,感情,嗎
Boy-Girl,分享,我們,那,個,時代,的,愛情,故事
Boy-Girl,心情,開,冷氣,唸,敗家
Boy-Girl,分享,交往,的,過程,發生,甚麼,了
Boy-Girl,閒聊,女生,會,喜歡,這,種,男生,嗎
Boy-Girl,討論,女生,接送,停車,的,想法
Boy-Girl,討論,怎樣,的,女生,容易,單身
Boy-Girl,閒聊,台男,世界,各,地,臭,台灣,女生
Boy-Girl,討論,較,清楚,自己,想要,的,另一半,成功,找到,男
Boy-Girl,閒聊,可,篩選,人種,的,交友,軟體
Boy-Girl,閒聊,女權,的,終點,484,劣幣,逐,良
Boy-Girl,分享,要,分,不,分,要,離,不,離,原來,是,這,心理
Boy-Girl,討論,帶,女生,去,北海,福座,約,會,有,加分,嗎
Boy-Girl,閒聊, dcard,外,派,越南,外遇率,百分百
Boy-Girl,新聞,吃,壽司,搭訕,隔壁,桌,男,頻,騷擾,女,怒,報警
Boy-Girl,討論,不,結婚,生子,人生,有,什麼,意義
Boy-Girl,討論,換,個,角度,思考
Boy-Girl,求助,心思,都,工作,賺錢,上,的,男生,是,不,是,很,難
Boy-Girl,討論,真的,有,像,童話,故事,下,集,的,男人
Boy-Girl,討論,憧憬,家庭,的,男性版,上,有,多少
Boy-Girl,求助,最後,的,算命,合盤
Boy-Girl,討論,女人,的,直覺,實在,厲害
Boy-Girl,分享,愛,的,貓語,69,恐怖,情人
Boy-Girl,討論,男生,結婚,是,最,吃虧,的
Boy-Girl,討論,很多,女生,484,無法,給,男生,信任感,啊
Boy-Girl,求助,聽,了,諾言,後,打電話,初戀
Boy-Girl,討論,科技圈,最近,燒,起來,的,性騷,案件
Boy-Girl,討論,九,把,刀,還,算是,渣男,嗎
Boy-Girl,板務,板規,五,純,謾罵,推文
Boy-Girl,心情,女友,覺得,過,彎,車頭,沒,壓好,很,雷,吧
Boy-Girl,新聞,你,有,友誼,衰退,男性,比例,增高,諮商師,建議,多,社交
Boy-Girl,討論,會,有,不,吵,不,鬧,的,解決,矛盾,的,情侶,嗎
Boy-Girl,討論,帥,有錢,也,沒用
Boy-Girl,討論,怎樣,的,人,會,讓,人,感覺,不,真實,呢
Boy-Girl,求助,分手,了,還,要,繼續,演
Boy-Girl,心情,結婚,的,理由
Boy-Girl,分享, ai,其實,蠻,懂,男女,議題,的
Boy-Girl,求助,工時,很,長,的,工作,是,不,是,不,容易,找,對象
Boy-Girl,討論,男友,平日,生日,規劃
Boy-Girl,求助,送,女友,禮物,拒絕
Boy-Girl,分享,童話,故事,下,集,的,終結
Boy-Girl,求助,另,一半,見面,衍生,的,問題
Boy-Girl,討論,洋腸,台男,來,稍微,比較
Boy-Girl,討論,介意,生日,吃,平價,切片,蛋糕,就,是,拜金
Boy-Girl,討論,女人,拜金,看,外表,其實,是,好事,吧
Boy-Girl,新聞,好摳,情人節,吃,8千,元,大餐,男友,應該,請
Boy-Girl,討論,拜金女,的,仇恨,是,幻想,出來,的,吧
Boy-Girl,分享,說,aa,窮,男人,該,怎麼,挑,伴侶
Boy-Girl,分享,周三,愛,的,貓語,日,愛,的,貓語,68,不經心
Boy-Girl,討論,好,的,感情,一定,是,要,對方,遷就,嗎
Boy-Girl,討論,先,愛,靈魂,再,愛,軀殼,有,可能,嗎
Boy-Girl,討論,女生,讓,我,感覺到,就,只是,想,爽,而已
Boy-Girl,討論,好奇,真的,有,很多,是,了,錢,才,在一起,的,嗎
Boy-Girl,閒聊,單身,都,做,什麼,提升,吸引力
Boy-Girl,討論,女生,484,會,無,意識,帶入,角色
Boy-Girl,討論,以下,算是,詐騙型,aa,嗎
Boy-Girl,求助,不,敢,開車,載,女生,出遊,了
Boy-Girl,心情,什麼,情況,下,會,想,跳船
Boy-Girl,閒聊,中國,35,歲,女,網紅,徵婚,很,好笑
Boy-Girl,討論,是,不,是,不,生,小孩,可以,做,無限,多,的,事情
Boy-Girl,閒聊,政府,給,年輕人,壓力,不,就,好,了
Boy-Girl,討論,有,女生,認為,約會,78,次,才,能,牽,手
Boy-Girl,分享,給,魯蛇,aa,的,怨念
Boy-Girl,討論,誰,該,放棄,工作
Boy-Girl,求助,個性,不合,有,動心,怎麼,快速,放下
Boy-Girl,板務, 洗文,業配文,認定
Boy-Girl,分享, 愛,的,車語,5,歲月,靜好,的,改車
Boy-Girl,分享,震驚,美國,年輕人,都,不,打砲,了
Boy-Girl,討論,會,有,人,沒,過,情人節,嗎
Boy-Girl,新聞,男生,要,保護,自己,　女,凍未條,拍,男,同事,屁股,慘,了
Boy-Girl,閒聊,女權,女,結婚,可以,不用,扛,傳統,父權,責任,嗎
Boy-Girl,心情,為什麼,我,想,一直,花錢,交友,軟體,上
Boy-Girl,分享,愛,的,貓語,67,愛情,演化,的,終局
Boy-Girl,討論,臨時,抱佛腳,有效,該,怎麼,升溫
Boy-Girl,心情,這,不,是,暈船,什麼,是,暈
Boy-Girl,心情,前任,不通人情
Boy-Girl,心情,原來,這,就,是,暈船
Boy-Girl,閒聊,沒想到,我,也,有,遇到,摳,男,鬼,故事,的,一,天
Boy-Girl,分享,真心,聊聊,紅藥丸
Boy-Girl,討論,男友,搶,誰,要,負,最,大,責任
Boy-Girl,討論, 玩咖,女生,的,特徵
Boy-Girl,分享,莫,讓,情人節,變成,情人,刧,下
Boy-Girl,分享,莫,讓,情人節,變成,情人劫,上
Boy-Girl,分享,其實,可以,多,ai,聊聊
Boy-Girl,討論, 歐兔,是,弱勢,男,難搞,女,的,交匯地,嗎
Boy-Girl,閒聊,我,覺得,男性,的,情緒,價值,就,是,漂亮,性愛
Boy-Girl,討論,為何,那麼多,人,難,服下,紅藥丸
Boy-Girl,閒聊,老實,安全感,情緒,價值,下,一,個,會,是,什麼
Boy-Girl,求助,女友,一直,想,前,女友,比較
Boy-Girl,求助,發現,曖昧,對象,會,抽菸
Boy-Girl,求助,有點,好感,不,算,太,熟,的,女生,出國
Boy-Girl,閒聊,交友,app,詢問
Boy-Girl,求助,貓,女友,起,爭執
Boy-Girl,討論,這樣,算,仇,男,嗎
Boy-Girl,討論,會,仇,男,仇,女,的,人,不能,完全,怪,他們,吧
Boy-Girl,閒聊,找,對象
Boy-Girl,分享,愛,的,車語,4,胎壓,管理
Boy-Girl,心情,女生,是,不,是,要,逼,男生,物化,女性,才,滿意
Boy-Girl,心情,兩,桶,水,洗碗法,能,拯救,感情,嗎
Boy-Girl,分享,新年,快樂,愛,的,貓語,66
Boy-Girl,分享,搞,半,天,情緒,價值,就,是,錢,啊
Boy-Girl,討論,感情,潔癖,的,定義
Boy-Girl,分享,選擇,為,單身,未婚,的,時代
Boy-Girl,閒聊,送,禮珠,銀,亮彩,口紅,適合,嗎
Boy-Girl,閒聊,東京,鐵塔,的,幸福,究竟,是,甚麼
Boy-Girl,心情,我,覺得,具俊華,非常,糟
Boy-Girl,閒聊,大家,心目中,的,好,貨,是,什麼
Boy-Girl,分享,男女,出去,走走,吧
Boy-Girl,閒聊,有,看,過,誇張,的,徵,女,條件,嗎
Boy-Girl,討論,嘗試,手遊,角度,解釋,男性,吸引力
Boy-Girl,討論,不,喜歡,不,講,然後,又,生,悶氣,是,有,什麼,毛病
Boy-Girl,討論,韓國,男團,席捲,北美,亞男,地位,有,提高,嗎
Boy-Girl,討論,台男,會不會,羨慕,歐美,國家,的,愛情
Boy-Girl,討論,男生,女生,查,對方,底細
Boy-Girl,討論,女朋友,老闆,拍,短,影音,會,吃醋,嗎
Boy-Girl,閒聊,走春,意外,聽到,親戚,的,外遇,八卦
Boy-Girl,討論,善良,的,肥宅,可以,得到,單親,媽媽,的,喜歡,嗎
Boy-Girl,閒聊, cmb,配對率,不,高
Boy-Girl,心情,性平,不要,忍,也,不要,理會,保密,條款
Boy-Girl,討論,懷疑,喜歡,的,對象,會,慣性,說謊
Boy-Girl,閒聊,聯合國,天皇,都,要,管,日本,撤資,抗議
Boy-Girl,心情,女友,有,代溝,該,改變,自己,嗎
Boy-Girl,閒聊,久違,的,感覺
Boy-Girl,心情,過年,沒,帶,女生,回家
Boy-Girl,討論,朋友,間,的,邊界感
Boy-Girl,討論,男生,喜歡,需要
Boy-Girl,求助,前,女友,南下,一起,看,電影
Boy-Girl,討論,有,對象,還,能,追,嗎
Boy-Girl,討論,為什麼,妹,一定,要,扯到,大,道理
Boy-Girl,閒聊,求偶,焦慮,的,存在,意義
Boy-Girl,討論,相同,條件,下,普妹,會,普男,容易,找到,另,一半,嗎
Boy-Girl,討論,女生,條件,的,好壞,標準,是,什麼
Boy-Girl,求助,女生,懷疑,我,雞排,老闆娘,有,什麼,該,怎麼,解釋
Boy-Girl,閒聊,越南,新娘,過年,紅包,該,包,多少,實例,探討
Boy-Girl,閒聊,為什麼,要,聽,分手,的,歌
Boy-Girl,新聞,內田有紀,也,適用,日本,伴侶制,可望,涵蓋,異性戀
Boy-Girl,討論,交往,多,年,不,結婚,的,秘訣,是,什麼
Boy-Girl,討論,大家,都,怎麼,交到,男女,朋友
Boy-Girl,討論,女友,同,群組,她,聊,一,下午,卻,沒,回,我
Boy-Girl,討論,大家,覺得,這樣,算,精神,出軌,嗎
Boy-Girl,討論,其實,結婚,真的,女生,蠻,虧,的,吧
Boy-Girl,討論,傳,什麼,訊息,算,曖昧,中
Boy-Girl,問卷,填,問卷,抽,現金,_,未婚,伴侶,角色,義務
Boy-Girl,討論,為什麼,台男,求偶,焦慮,那麼,嚴重
Boy-Girl,求助,這樣,算,曖昧,嗎
Boy-Girl,心情,你,愛,我,她
Boy-Girl,心情,分手,了,就,給,彼此,一點,空間,吧
Boy-Girl,求助,吾,非,聖賢,安,知,選,之,人,不會,成,過客
Boy-Girl,分享,愛,的,貓語,65,愛,的,進程
Boy-Girl,閒聊,男生,不,排斥,綠茶女
Boy-Girl,閒聊,脫離,魯蛇,的,第一,步
Boy-Girl,討論,普信,會不會,只,是,社會,框架
Boy-Girl,閒聊,鄙視, ccr,又,崇尚,東南亞
Boy-Girl,討論,解決,男女,仇視,對立,的,方法
Boy-Girl,求助,精神,障礙,醜男,有,戀愛,的,自由,嗎
Boy-Girl,閒聊,女生,來,家,裡,住,要,怎麼,準備
Boy-Girl,討論,為什麼,男生,吃飯,的,速度,超快
Boy-Girl,閒聊,錢,要,花,自己,身,上,女生,身,上
Boy-Girl,心情,發現,自己,是,備胎,後,怎麼,走出來,花,多久
Boy-Girl,討論,同居,的,狀態,下,怎樣,提,分手,比較,體面,點
Boy-Girl,討論,怎樣,這,種,女生,相處
Boy-Girl,求助,犯,了,錯,女友,提,分手,後,想,復合
Boy-Girl,心情,現代,女性,的,兩難
Boy-Girl,討論,你,能,接受,女友,不,知道,你,的,興趣,嗎
Boy-Girl,心情,女友,過去,曾,約,砲,如何,調適
Boy-Girl,討論,轉念,開始,思考,結婚
Boy-Girl,求助,遠,距離,該,如何,維持,關係
Boy-Girl,求助,2月,14,情人節,想,男友,配,電腦,該,怎麼,選
Boy-Girl,求助,女友,做,八大,每,次,去,上班,都,很,擔心
Boy-Girl,問卷,親密,關係,中,的,冷,暴力
Boy-Girl,討論,女朋友,有,人格,分裂,你們,會,怎麼,做
Boy-Girl,討論,感謝禮
Boy-Girl,閒聊,熟男,熟女,交往,的,姿態
Boy-Girl,討論,過年,要,包,紅包,對方,家人,嗎
Boy-Girl,分享,愛,的,貓語,64,愛,的,初,旅程
Boy-Girl,討論,結婚,前,的,凍卵,費用,a,a,是,合理,的,嗎
Boy-Girl,閒聊, 魯蛇,的,龍傲天,心態
Boy-Girl,新聞,拒絕,交往,8,年,男友,求婚,分手,2,個,月,見,喜帖
Boy-Girl,討論,聊天,工具人,曖昧,對象,聊天,差,哪
Boy-Girl,討論,男方,希望,當,家庭,主夫,女方,經濟,能力,不,夠
Boy-Girl,閒聊,都,怎麼,淡忘,過去,的,啊
Boy-Girl,閒聊,我,不,喜歡,對方,遲到,我,自己,可以,遲到
Boy-Girl,討論,情緒,價值,舔,狗,的,差別
Boy-Girl,討論,應該,要,讚美,外表,嗎
Boy-Girl,討論,我,覺得,情緒,價值,是,個,屁,嗎
Boy-Girl,討論,交友,軟體,見面,要求,視訊
Boy-Girl,分享,兒子,是,我,的,愛情,遇上,佔有慾,強,的,準
Boy-Girl,心情,女友,不,喜歡,貓咪
Boy-Girl,討論,男生,不,在意,是,不,是,就,沒,戲,了
Boy-Girl,討論,女生,是,不,是,很少,能夠,提供,正面,情緒,價值
Boy-Girl,分享,愛情,磨合,要,如何,進行
Boy-Girl,討論,領,低薪,不,置產,是,尋求,真愛,嗎
Boy-Girl,討論,女生,可以,接受,男友,老公,是,雙性戀,嗎
Boy-Girl,求助,女友,希望,出去,應酬,不要,擔心,他,時間
Boy-Girl,討論,所謂,的,直女,發言,有,哪些
Boy-Girl,討論,工程師,會,養老婆,的,根據,是,哪來,的
Boy-Girl,討論,女生,到底,要不要,工作
Boy-Girl,求助,婚前,女友,挑,毛病,產生,不,想,忠誠,的,念頭
Boy-Girl,板務 ,是否,增設,閒聊,分類
Boy-Girl,分享,愛,的,貓語,63,劈腿,外遇
Boy-Girl,心情,仇,女,不,是,答案
Boy-Girl,心情,你,最近,不,說話,怎麼,了,為什麼
Boy-Girl,心情,要,怎麼,做好,得,不,心儀,女孩,的,心,裡,準備
Boy-Girl,討論,男生,喜歡,聽,的,音樂
Boy-Girl,求助,爸,媽,反對,是,不,是,無解,的,難題
Boy-Girl,討論,許伯簡芝,這,種,家庭,事,有,解
Boy-Girl,討論,外遇,出軌,484,很,正常
Boy-Girl,討論,非,單,下載,交友,軟體,用意
Boy-Girl,討論,如何,看待,19,歲,生,過,3,個,小孩,的,單親,媽媽
Boy-Girl,分享,我,悟,了
Boy-Girl,討論,原本,就,不,喜歡,你,的,女生,可能,變成,喜歡,你,嗎
Boy-Girl,討論,渣男,更,恐怖,四,大媽,寶男,類型
Boy-Girl,討論,多,線,發展
Boy-Girl,討論,出軌,有,前兆,嗎
Boy-Girl,討論,舔,狗,流,484,低估,了
Boy-Girl,討論,是否,該,伴侶,一起,跨年
Boy-Girl,討論,女生,可以,接受,約炮,不能,接受,買春,嫖妓
Boy-Girl,分享,文學家,朱宥勳,回應,建中,麥當勞,事件
Boy-Girl,分享,戀愛,專家,女生,要,主動,不然,來,的,多半,是,渣,男
Boy-Girl,分享,我,西藏,公主,的,愛情,故事
Boy-Girl,討論,女友,發現,我,前任,的,卡片,在,不,爽
Boy-Girl,討論,坦白,女友,說,死黨,出去,玩,她,卻,不,爽
Boy-Girl,心情,蚯蚓,關心,人類,近視,比例,太,高
Boy-Girl,討論,對象,家人,的,互動,很,情緒化,有,影響,嗎
Boy-Girl,心情,珊瑚海,_,分手,之後
Boy-Girl,討論,男生,很,會,做菜,會不會,加分
Boy-Girl,討論,看,小說,有感,男生,的,擇偶,標準
Boy-Girl,討論,出國,女生,來,說,有,什麼,迷人,之,處
Boy-Girl,討論,問,女生,這,個,問題,會,怎樣
Boy-Girl,討論, pr,46,是,很,高,的,門檻,嗎
Boy-Girl,分享,看,刺客,戰,女權,有,感
Boy-Girl,討論,我,是,不,是
Boy-Girl,分享,女生,要求,的,成家,條件,超級,簡單,的,吧
Boy-Girl,討論,女生,很,愛,你,484,變,得,很,煩
Boy-Girl,討論,大家,看好,馬斯克,的,機器,老婆,嗎
Boy-Girl,求助,帶,女友,吃,夏慕尼,真的,很,過份,嗎
Boy-Girl,討論,男友,前任,長,得,像,鯰魚,想,分手
Boy-Girl,分享,交,不,女友,是,交友,軟體,沒,儲值
Boy-Girl,討論,劈腿,的,定義
Boy-Girl,討論,現任,在一起,偶爾,還,會,想起,前任,算,出軌,嗎
Boy-Girl,討論,父母,那,輩,結婚,交往,如同,吃飯,喝水,簡單
Boy-Girl,分享,愛,的,貓語,62,歸屬感,的,位移
Boy-Girl,分享,越南,新娘,文章,2024年,更新,下
Boy-Girl,求助,走,不,出,一,段,關係
Boy-Girl,心情,平安夜,讓,我,發洩,一下,吧
Boy-Girl,心情,八,年,的,單戀,選擇,勇敢,劃下,句號
Boy-Girl,討論,王婆,說媒,看,女生,擇偶,條件
Boy-Girl,板務,人身攻擊,是,允許,的
Boy-Girl,討論,女性,書寫,要,推銷,男性,看
Boy-Girl,討論,感覺,有,伴侶,真,是,太,好,了,的,時刻
Boy-Girl,心情,出國,在即,女友,家人,住院
Boy-Girl,討論,女生,真的,會,麻痺,自己,相信,包裝,的,謊言,嗎
Boy-Girl,分享,冒,著,砲,風險,奉勸,各位,女生
Boy-Girl,分享,魯蛇,的,思考,陷阱
Boy-Girl,討論,想,問,那些,年老,入,花叢,的,人,難道,他們,自己
Boy-Girl,討論,為什麼,男女,都,覺得,對方,佔盡,便宜,自己
Boy-Girl,討論, 渣男,吃,軟飯,小白臉,都,怎,找,理由,討錢
Boy-Girl,心情,沒,能,激起,漣漪
Boy-Girl,討論,32,歲,姊姊,20,歲,妹妹,怎麼,選
Boy-Girl,心情,嘉賓
Boy-Girl,求助,第一,次,過,聖誕節,的,禮物
Boy-Girl,討論,永遠,抓,不,到,重點
Boy-Girl,分享,結婚,鬧鐘,響起,是,要,按掉,還是,奔赴,禮堂
Boy-Girl,討論,你們,會,希望,寄託,別人,身,上,嗎
Boy-Girl,討論,其實,單身,的,人,不,多,吧
Boy-Girl,分享,你們,會,錢,給,男朋友,嗎
Boy-Girl,討論,值得,結婚,的,特質
Boy-Girl,分享,愛,的,貓語,61,懷疑,檢查,手機
Boy-Girl,討論, r ,感情,好,理想,不同,該不該,分手
Boy-Girl,討論,曖昧,fb,封鎖,ig,一樣,正常,可,見
Boy-Girl,心情,想,回到,過去
Boy-Girl,討論,尊重,任性,該,怎麼,拿捏
Boy-Girl,分享, 砲,友朋友,吃飯,a,a,對,吧
Boy-Girl,討論,勸,你,變好,真的,好,嗎
Boy-Girl,心情,活,沒有,妳,的,城市
Boy-Girl,討論, 富,二,代,為何,要,結婚,交,女友
Boy-Girl,討論,對錯,女友,心情,不,爽,就,要,先,安撫
Boy-Girl,討論,女生,容易,騙
Boy-Girl,心情,放,不,開
Boy-Girl,求助,斷崖式,失聯,調適
Boy-Girl,求助,該,堅持,交友,軟體,o2,嗎
Boy-Girl,求助,想,請問,大家,情侶,間,相處,的,模式
Boy-Girl,討論,台灣人,要,婚,要,生,的,原因
Boy-Girl,求助,抒發,一下,也,不,知道,下,一,步,該,如何,走
Boy-Girl,討論,復健科,護士,的,肢體,接觸
Boy-Girl,討論,拜金女,妓女,的,差別,哪
Boy-Girl,討論,交友,軟體,遇到,怪咖,是,每,位,女孩,的,必,經,過程
Boy-Girl,討論,分開,旅行,不,好,嗎
Boy-Girl,討論,避免,目的性,太,強,主動,積極,都,幾
Boy-Girl,討論,女生,當作,一般,朋友,聊天
Boy-Girl,討論,台灣人,不婚,不,生,的,原因
Boy-Girl,討論,聖誕節,會,送,另,一半,禮物,嗎
Boy-Girl,分享, 愛,的,貓語,60,婚紗照
Boy-Girl,求助,感情,該,怎麼,走下去
Boy-Girl,討論, 屌男,是,不,是,比較,受,歡迎
Boy-Girl,心情,多,討厭,才,會,連,婉拒,都,懶
Boy-Girl,討論,中國,33,歲,程序猿,搭訕,經驗,分享
Boy-Girl,轉錄,尋找,自己,性別,感興趣,的,異性,年齡,範圍
Boy-Girl,討論,男女,同事,單獨,出國
Boy-Girl,討論,曖昧,時,適合,送,女生,的,聖誕,小,禮物
Boy-Girl,討論,為什麼,女,老闆,不,結婚
Boy-Girl,討論,現在,還,有,人,不,了解,同,群,人,玩,一起,嗎
Boy-Girl,討論,女生,每,次,聊到,自己,男友,的,時候
Boy-Girl,討論,薪水,這麼,低,為什麼,還,想要,結婚
Boy-Girl,討論,愛,笑,的,眼睛
Boy-Girl,討論,選擇,出軌,的,原因
Boy-Girl,討論,條件,不錯,的,男生,為何,會,選,這,型,女生
Boy-Girl,求助,男生,一直,開,話題
Boy-Girl,心情,降低,標準,根本,做,不,到,吧
Boy-Girl,討論,遠,距離,關係,如何,不,涼掉
Boy-Girl,討論,早婚,的,男生,有,什麼,性格,優點
Boy-Girl,討論, 慕強,是否,是,本能
Boy-Girl,討論,壓抑,的,男生,好,嗎
Boy-Girl,討論,請益,一下,各位,電影,情侶,高手
Boy-Girl,討論,小白臉,9,都,怎樣,戀愛,中,女生,討錢
Boy-Girl,討論,男女,市場,是否,已,是,檸檬車,市場
Boy-Girl,討論,曖昧,讓,人,受盡,委屈
Boy-Girl,新聞, 控,妻,忙,花錢,不,做,事,年薪,400萬,竹科男,判准,離婚, 妻,須,吐,1189萬
Boy-Girl,心情,無,話,不,談,無話可說
Boy-Girl,討論, 女板,熱議,45,大叔,的,市場
Boy-Girl,討論,你,是,我,唯一,的,毒藥
Boy-Girl,分享,周三,愛,的,貓語,日,58,家庭,文化
Boy-Girl,討論,眼光,太,高,這,件,事
Boy-Girl,求助,要,怎麼,趁人之危
Boy-Girl,討論,會不會,一直,想,著,初戀
Boy-Girl,討論, 484,普女,最為,致命
Boy-Girl,分享,一,首,歌,大哥
Boy-Girl,心情,暈,呀,暈,呀,暈
Boy-Girl,討論,郵局,妹子,要,怎麼,追
Boy-Girl,討論,女生,也,沒,那麼,想,找對,的,人,吧
Boy-Girl,討論, ai,假,帳號,很,猖獗,嗎
Boy-Girl,討論,大家,31,號,回,另,一半,怎麼,過
Boy-Girl,討論, 情人,眼,裡,484,出,西施
Boy-Girl,討論,你們,周遭,有,參加,聯誼,10,年,姿態,還,很,高,的,嗎
Boy-Girl,討論,萬,年,單身,是,不,是,聞,得,出來
Boy-Girl,討論, 賣,課程,的,都,是,騙錢,吧
Boy-Girl,討論,女生,講話,沒,幾,句,就,冷掉,不,知,講,什麼,怎麼辦
Boy-Girl,討論, 女森,484,不,守,信用
Boy-Girl,討論,一直,有,對象,卻,都,沒,結果,的,人
Boy-Girl,討論,藍狐獴,的,男,來賓,中,學到,的,心得
Boy-Girl,討論,紅,顏,484,容易,薄,命
Boy-Girl,討論,遠,距離,只,剩,一,天,會,見面,嗎
Boy-Girl,討論,請問,不同,年齡,女生,的,擇偶,條件
Boy-Girl,討論,台灣人,不婚,不,生,的,原因
Boy-Girl,討論,如何,做到,一,個,人,活,得,精彩
Boy-Girl,心情,求婚,拒,也,能,繼續,交往,的,吧
Boy-Girl,分享,對方,情緒,勒索,你,時,的,解套,方法
Boy-Girl,討論,女友,說,自己,變,胖
Boy-Girl,討論,男友,爸,媽,很,喜歡,我,最後,沒,答應,求婚,怪,嗎
Boy-Girl,討論,一直,告白,婉拒,可以,這樣,做,嗎
Boy-Girl,討論,資助,包養
Boy-Girl,分享,愛,的,貓語,58,氛圍,泡泡,的,運用
Boy-Girl,心情,男生,可以,好好,想想
Boy-Girl,討論,有,沒有,男生,愛上,過,脾氣,暴躁,的,天菜女
Boy-Girl,討論,下列,那,一,種,技能,比較,能,得到,正妹,的,喜歡
Boy-Girl,討論,50,歲,有錢,單身,大媽,大叔,誰,比較,搶手
Boy-Girl,討論,女,我,最近,都,亂吃,超,不,健康,變,胖,了,怎,回
Boy-Girl,討論, 包手,男,也,能,獲得,幸福,嗎
Boy-Girl,討論,上前,搭話, or,無視
Boy-Girl,心情,辦公室,戀情,不,公開
Boy-Girl,討論,男友,是,大,鳥,伯德,類型,女友,可以,懶惰,嗎
Boy-Girl,分享,在一起,1,個,月,分手,了
Boy-Girl,求助,該,怎麼,釋懷
Boy-Girl,討論,這,是,真的,還是,套路
Boy-Girl,討論,女友,是,小鳥,人類,型,男友,可以,軟弱,嗎
Boy-Girl,心情,收到,訊息,悶悶不樂,的,感覺
Boy-Girl,討論,大家,如何,看待,年華,老去,這,件,事
Boy-Girl,討論,副駕,的,意義,大家,會,很,在意,嗎
Boy-Girl,討論,酒品,不,好,不,建議,交往
Boy-Girl,討論,日本,偷吃,出軌,劈腿,是,常態
Boy-Girl,分享,給,有,任何,感情,困擾,的,你
Boy-Girl,心情,咱們,男生,總是,立刻,暈,了,之,體檢
Boy-Girl,心情,男友,是,超大,醋桶,怎麼辦
Boy-Girl,討論,現在,是,不,是,越來越,多,人,不,想,結婚,了
Boy-Girl,討論,交往,多久,覺得,可以,結婚
Boy-Girl,討論,男友,住,一起,家務事,誰,負責
Boy-Girl,分享,給,經常,日常,花費,另,一,伴,吵架,的,你
Boy-Girl,討論,是,不,是,真的,什麼,問題,都,是,男生,的,錯
Boy-Girl,討論,另,一半,一起,工作,會,讓,感情,變,差
Boy-Girl,分享,愛,的,貓語,57,好,印象,象
Boy-Girl,心情,女友,說,要,去,男,同事,家,吃飯
Boy-Girl,討論,會,做,家務,老公,按摩,的,老婆,pr,多少
Boy-Girl,討論,這,兩,種,人,你,可以,接受,女友,誰,出遊
Boy-Girl,討論,去,男友,家,有,尷尬感
Boy-Girl,討論,聊天,沒,曖昧感,是,不,是,可以,直接,放生
Boy-Girl,討論,吵架,會,先,道歉,嗎
Boy-Girl,討論,交往,談戀愛,是,什麼,感覺
Boy-Girl,問卷,大家,能,接受,男朋友,玩,遊戲,多久,不理,你
Boy-Girl,討論,永遠,不會,錯,的,另一半
Boy-Girl,討論,女生,說,的,開車,穩,是,什麼,意思
Boy-Girl,討論,好奇,大家,有沒有,遇到,什麼,普信男,嗎
Boy-Girl,討論,孝順,媽寶,的,區別
Boy-Girl,討論,視訊,是,曖昧,的,行為,嗎
Boy-Girl,討論,現代,的,育兒,思維,是,不,是,太,違反,自然,規律
Boy-Girl,討論,下,一,代,擇偶,看,錢,外表,是,正確,的
Boy-Girl,討論,對象,換來換去,不會,很,空虛,嗎
Boy-Girl,分享,普男,聯誼,脫,單,記
Boy-Girl,討論,男生,是,不,是,比較,不能,陪,女生,吃苦
Boy-Girl,分享,一,首,中國,古風,的,歌,算是,熱戀,的,歌
Boy-Girl,心情,第一,次,男友,的,家人,一起,出國
Boy-Girl,討論,抗議,川普,當選,美國,女性,響應,4b,運動,效法,韓國,女人
Boy-Girl,討論,理論,上,女生,根本,不,需要,男性,伴侶,吧
Boy-Girl,討論,嚮往,什麼,世代,的,戀愛
Boy-Girl,討論,是,不,是,真的,沒辦法,做到,真真,的,公平
Boy-Girl,討論,判斷,女生,沒,戲,會,怎麼,退場
Boy-Girl,求助,拜訪,的,時機
Boy-Girl,求助,女生,這,是,什麼,意思
Boy-Girl,討論,網路,奇文,分享,現實,男女,關係,這麼,混亂,嗎
Boy-Girl,討論,聰明,人,不,結婚
Boy-Girl,討論,女生,看,男生,沒有,卻,依然,約會,這,什麼,意思
Boy-Girl,討論,男女,純,友誼,的,可能
Boy-Girl,討論, ryu,不,是,女生,口頭,上,說,的,理想,老公,嗎
Boy-Girl,分享,愛,的,貓語,56,氛圍,泡泡
Boy-Girl,討論, 川皇,是,不,是,證明,女人,年輕,肯,生,就,好
Boy-Girl,討論,護理女,真的,不能,碰
Boy-Girl,討論,怎麽,近,幾,年,很少,聽到,叫,人,去,找,日女,了
Boy-Girl,討論,為什麼,有,女生,無法,接受,ntr癖,的,男友
Boy-Girl,求助,女生,心情,不,好
Boy-Girl,心情,我,這,是,女生,pua,了,嗎
Boy-Girl,討論,脾氣,差,的,女生,交往,是,什麼,感覺
Boy-Girl,分享,如何,溫柔,地,化解,情緒,勒索,給,每,個,珍惜,關係,的
Boy-Girl,討論,台女,是,不,是,濫用,騷,法
Boy-Girl,討論,真,好奇,人,為什麼,會,出軌
Boy-Girl,討論,不,喜歡,直,男,會,改找,彎,的,嗎
Boy-Girl,討論,會,跳過,希粉,賀粉, lgbtq粉,嗎
Boy-Girl,新聞,滾回,廚房,你,的,身體,我,的,選擇,川普
Boy-Girl,分享,實例,探討,網友,問,越南,新娘,結婚,聘金,問題
Boy-Girl,心情,女生,要,我,買,她,的,直銷,產品
Boy-Girl,心情,台,越,二,代,結婚,的,故事
Boy-Girl,討論,什麼,是,有趣,的,男人
Boy-Girl,討論,女友,大直女
Boy-Girl,討論,男友,太,直,男
Boy-Girl,討論,大家,可以,接受,情侶,約會,吃,平價,鐵板燒,嗎
Boy-Girl,討論,華裔,男,偷,了,24億,美元,比特幣,後,高調,炫富,送,妹子,跑車,名
Boy-Girl,討論,單身,久,了,怎麼,不,失去,異性,的,渴望
Boy-Girl,求助,禿頭,朋友,寫,的,嫖妓,日記,女友,發現
Boy-Girl,討論,求問,一,個,短篇,漫畫
Boy-Girl,討論,結婚,前,都,看看,自己,的,爸,媽
Boy-Girl,討論,聖誕節,要,送,什麼
Boy-Girl,分享,交友,軟體,的,詐騙,種類
Boy-Girl,分享,愛,的,車語,3,約定
Boy-Girl,討論,分手,後,通常,多久,開始,找,新,的
Boy-Girl,求助,如何,高,敏感,共感,族群,交往
Boy-Girl,討論,為甚麼,聊,一陣子,就,沒,話題,了
Boy-Girl,求助,另一半,真的,很,不會,共情
Boy-Girl,討論,男女,分手,報復,手段,不同
Boy-Girl,討論,客家人,習俗,可以,有,小三,的,嗎
Boy-Girl,分享,愛,的,喵語,55,愛情,容顏,轉換
Boy-Girl,討論,關係,中,是否,能夠,實現,公平
Boy-Girl,求助,學弟,愛上,妓女,後續,怎麼,做
Boy-Girl,心情,這,世界,是,不,公平,的,吧
Boy-Girl,討論,性別,認可,的,兩,個,問題
Boy-Girl,討論,所有,外表,pr70,以下,的,男性,都,應該,放棄,愛情
Boy-Girl,討論,會,有,進度,就,沒,那麼,喜歡,的,對象,交往
Boy-Girl,分享, threads,是,我,這,個,女生,太,難懂,嗎
Boy-Girl,求助,如何,鼓起,勇氣,放下
Boy-Girl,討論,女生,不,接受,愛物,惜物,的,男生,嗎
Boy-Girl,討論,年齡,增加,有,改變,另,一半,條件,的,要求,嗎
Boy-Girl,討論,愛慕,虛榮,是,不,是,沒,救
Boy-Girl,討論,身價,上億,的,公務員,有,主動權,挑,另,一半,嗎
Boy-Girl,心情,去,女友,家,不,小心,睡著,會,很,沒,禮貌,嗎
Boy-Girl,討論,女生,小,廢包,到底,是,要,裝,啥
Boy-Girl,討論, 慕強,擇偶,有,什麼,問題,嗎
Boy-Girl,求助,我,真的,打敗,了
Boy-Girl,分享,分手,前任,勾勾迪,為什麼,不,放手,文長,心
Boy-Girl,討論,台灣,還,流行,要,嫁妝,聘禮,嗎
Boy-Girl,討論,女生,為什麼,看不起,自己,同,level,的,男生
Boy-Girl,討論,老一輩,感情,中,怎麼,那麼,能,忍
Boy-Girl,討論,怎麼,追,離婚,妹子
Boy-Girl,分享,高,價值,交友,市場,從來,沒有,意義
Boy-Girl,心情,真的,有,人,可以,接受,只,想,放,颱風假,的,男生
Boy-Girl,討論,當,個,高價值,女人,交友,市場,其實,沒有,意義
Boy-Girl,討論,男生,何不,培養,工具人
Boy-Girl,心情, 載,整,車,女生,的,感覺,很,糟
Boy-Girl,討論,結婚,鑽戒,的,行銷,手法,@@
Boy-Girl,心情,另一半,做,過,最,感動,的,事
Boy-Girl,分享,愛,的,喵語,54,實體,會面
Boy-Girl,討論,注定,沒,結果,還,需要,表明,心意
Boy-Girl,討論,什麼,是,正常,社交
Boy-Girl,心情,女友,好,很,丟臉,嗎
Boy-Girl,討論,情侶,間,興趣,一樣,會,比較,適合,嗎
Boy-Girl,心情,大家,會,懷念,學生,時期,純純,的,愛,嗎
Boy-Girl,討論,有,另一半,拍,過,那,種,照片,的
Boy-Girl,討論,男生,鼻子,不,挺,是,不,是,沒,女人緣
Boy-Girl,分享,手機,取代,的,陪伴
Boy-Girl,心情,手機,相簿,放,打砲,過,的,女人,的,裸照
Boy-Girl,討論,遠,距離,又,沒,共同,興趣,怎麼,維持,感情
Boy-Girl,討論,高手,都,怎麼,同時,聊天
Boy-Girl,討論,聯誼,必須,攜,一,名,異性,友人,參加,如何
Boy-Girl,討論,信,宗教,的,女孩
Boy-Girl,討論,個性,合,興趣,不,合,興趣,合,個性,不,合
Boy-Girl,討論,沒,交待,行程,算,欺騙,嗎
Boy-Girl,討論,愛,走,天涯,的,人,有,後悔,過,嗎
Boy-Girl,討論,紀威,有,多少,資產,可以,變,winner
Boy-Girl,心情,找,個,愛,自己,你,愛,對方,還,多,的
Boy-Girl,求助,是,我,不會,聊天,女生,才,生氣,嗎
Boy-Girl,討論,要,2025,年,了,種田,的,男生,女生,都,不要
Boy-Girl,討論,為啥,這,版,都,討論,一些,空泛,的,地圖,砲,命題
Boy-Girl,討論,緣分,真的,很,重要
Boy-Girl,心情,繼續,漠視,自己,感受,你們,會,怎麼,選
Boy-Girl,分享,愛,的,車語,2,否,放
Boy-Girl,分享,長文,戀愛,中,的,aa,如何,解
Boy-Girl,討論,覺得,生日,重要,紀念日,重要
Boy-Girl,討論,現在,未婚,懷孕,還,會,有,社會,壓力,嗎
Boy-Girl,討論,錢,根本,是,追,女生,最,沒用,的,吧
Boy-Girl,討論,帥哥,美女,也,會,有,舔,狗,嗎
Boy-Girl,求助,說話,老是,女生,誤解
Boy-Girl,心情,女生,的,爆炸點,真的,好,難,捉摸
Boy-Girl,討論,有,沒,有,人,搶,票,另,一半,吵架,的
Boy-Girl,討論,荷葉,邊,的,邊,荷律,男生,可以,嗎
Boy-Girl,分享,大齡,台女,39,歲,還是,能,找到,真愛
Boy-Girl,討論,朋友,比較,好,還是,另,一半,比較,好
Boy-Girl,討論,大家,喜歡,小,驚喜,還是,會,覺得,有,壓力
Boy-Girl,心情,大家,會,去,看,另,一半,前任,的,ig,嗎
Boy-Girl,討論,荷葉,邊,的,金城武,女生,可以,嗎
Boy-Girl,討論,社會,現象
Boy-Girl,討論,另,一半,睡覺,時間,不,一樣,怎麼,調適
Boy-Girl,心情,好朋友,出軌,會,幫忙,保密,嗎
Boy-Girl,討論,男生,建議,多,培養,興趣,比較,好
Boy-Girl,討論,爸爸,一直,介紹,對象,給,我
Boy-Girl,討論,另,一半,介紹給,朋友,的,優缺點
Boy-Girl,求助,該,繼續,嗎
Boy-Girl,討論,超,契合,的,感情,性事,不合
Boy-Girl,討論,交往,時,遇到,心動,的,人,怎麼辦
Boy-Girl,討論,相親,認識,的,對象,會,幸福,嗎
Boy-Girl,分享,愛,的,貓語,53,遠距,之,愛
Boy-Girl,討論,沒有,車庫,法,是,不,是,救,了, pua,男
Boy-Girl,求助,女生,成熟,的,定義
Boy-Girl,心情,交往,要,怎麼,營造,未來感
Boy-Girl,討論,大家,會,去,前任,婚禮,嗎
Boy-Girl,討論,男生,有,車,重要,嗎
Boy-Girl,討論,母胎,單身,45,歲,是,不,是,很,難,有,希望,了
Boy-Girl,討論,年紀,差距,大,感情,會,比較,穩定,嗎
Boy-Girl,討論,最近,有,什麼,好看,的,愛情劇,啊
Boy-Girl,討論,要,避開,的,幾,種,女生
Boy-Girl,討論, 進,職場,後,要,怎麼,認識,對象
Boy-Girl,討論,女生,條件,好,的,男性,會,請客
Boy-Girl,求助,工作,感情,的,選擇
Boy-Girl,討論,情侶,間,的,默契,用語
Boy-Girl,討論, re,30,歲,後,的,男生,是,不,是,很,難,有,純粹,的,愛情
Boy-Girl,討論,現在,是,不,是,很多,普信男
Boy-Girl,討論,大家,會,很,在意,求婚,儀式,嗎
Boy-Girl,討論,娶老婆,是,不,是,該,娶,年輕,的
Boy-Girl,討論,什麼,樣,的,男人,會,相信,女權,不,干涉,acg
Boy-Girl,討論,夫妻,財產,分開,制,很,合理
Boy-Girl,心情,還,沒,表白,就,斷,法
Boy-Girl,分享,越南,新娘,的,婚姻,途徑,文化,背景
Boy-Girl,心情,江藤友奈,我,真的,很,喜歡,你
Boy-Girl,求助,暗戀,的,人,離別,心情,調適
Boy-Girl,心情, ごめん,ね,君,の,名,前,ネット,に,晒,させてね
Boy-Girl,心情,騎車,遇,爛,路,搞砸,一,次,約會
Boy-Girl,分享,愛,的,貓語,52,愛,恨
Boy-Girl,求助,怎麼,趕走,哥哥,的,女朋友
Boy-Girl,討論,求解
Boy-Girl,討論,女權,主義,者,反對,acg,是,生存,競爭,嗎
Boy-Girl,討論,交往,5,年,工作,要,遠距
Boy-Girl,分享,台,港,日,韓,大對比
Boy-Girl,討論,有,男友,還,到處,去,私訊,男生,是,正常,的,嗎
Boy-Girl,討論,情侶,出國,要,注意,什麼,事
Boy-Girl,討論,身邊,有,沒,有,那,種,常,換,對象
Boy-Girl,討論,30,歲,後,的,男生,是,不,是,很,難,有,純粹,的,愛情
Boy-Girl,討論,女生,可以,接受,男生,不,工作,嗎
Boy-Girl,分享,遠,距離,戀愛,如何,維持,感情
Boy-Girl,討論,墮胎,法令
Boy-Girl,討論,女孩,們,幾,歲,開始,有,結婚,壓力
Boy-Girl,分享,愛,的,車語,1,愛,你,自己
Boy-Girl,討論,男生,朋友,多於,女生,朋友,的,女生,有,問題,嗎
Boy-Girl,討論,為什麼,單親,媽媽,很,難,有,好,歸宿
Boy-Girl,討論,為什麼,交友,軟體,的,女生,自介,都,完全,空白
Boy-Girl,討論,女生,過,了,35,歲,後,行情,會,大衰退,嗎
Boy-Girl,討論, pua,根本,不,是,這,個,意思,好,嗎
Boy-Girl,求助,女友,一直,要求,內,射
Boy-Girl,分享,讓,女生,追,的,實現,方案
Boy-Girl,討論,為什麼,習,主席,明明,也,很,胖,很,醜,卻,大家,喜歡
Boy-Girl,討論,為什麼,長,得,胖,長,得,醜,就,一定,會,討厭
Boy-Girl,分享,愛,的,貓語,51,對,的,人
Boy-Girl,心情,看,漫畫,解說,女友,酸
Boy-Girl,分享,追,女生,交往,管,那麼多,幹嘛
Boy-Girl,討論,要,怎樣,適度,的,追求,不,當作,騷擾,啊
Boy-Girl,討論,強者,我,朋友,aa制,的,反面,教材
Boy-Girl,分享,越南,新娘,不同,國家,的,婚姻,經驗,比較
Boy-Girl,分享,女友,偷偷,去,成人展,賺錢,任,人,玩弄
Boy-Girl,討論,現在,問題,是,男生,有,情緒,價值,苦,無,展現,機會,吧
Boy-Girl,討論,聲音,可以,加,很多,分,嗎
Boy-Girl,討論,母胎,單身,問
Boy-Girl,求助,姐妹,劈,了
Boy-Girl,心情,女孩,怎麼,看,不,敢,上,戰場,的,男生
Boy-Girl,心情,女生,臨時,約,行程,跑,不,順
Boy-Girl,討論,條件,差,眼光,高,的,普妹,會,有,什麼,下場
Boy-Girl,分享,我,的,交往,方式,是,不,是,太,消極
Boy-Girl,分享, 文,長,情人,看,刀,愛情,甜蜜,變,恐怖
Boy-Girl,討論,女生,會,願意,其他,女生,共享,男人,嗎
Boy-Girl,討論,為什麼,脆,上,都,會,分享,約,跑,心得,不,怕,人,知道
Boy-Girl,求助,女友,失控,列車
Boy-Girl,討論,沒有,頭緒,求婚,該,怎麼,進行,有,沒有,好,的,建議
Boy-Girl,討論,舅舅,居然,這樣,教,小孩
Boy-Girl,閒聊,踩到,女生,的,地雷
Boy-Girl,討論,為啥,很,常,聽到,女生,要求,情緒,價值
Boy-Girl,心情,大家,可以,接受,現任,前任,成為,朋友,嗎
Boy-Girl,討論,男生,分手,不久,後,馬上,有,了,對象
Boy-Girl,討論,我,說,的,話,容易,讓,女友,誤會
Boy-Girl,討論,有錢人,特別,節儉
Boy-Girl,分享,情緒,價值,是,啥
Boy-Girl,討論,為什麼,很少,聽到,男生,要求,要,情緒,價值
Boy-Girl,分享,情緒,價值,就,是,聊天,嗎
Boy-Girl,討論,上床,了,男生,卻,說,不,想,交往
Boy-Girl,心情,有點,記不清,另,一半,去,過,的,景點
Boy-Girl,討論, dcard,男友,覺得,我,家境,太,差
Boy-Girl,分享,越南,新娘,文章,2024年,更新,上
Boy-Girl,討論,年薪,百萬,的,女孩兒,會,hen,難,追,嗎
Boy-Girl,討論,男友,嫌,我,窮,女生,不,是,漂亮,就,夠,嗎
Boy-Girl,心情,該,形象,刻意,開車,嗎
Boy-Girl,求助,愛情,來,得,太,快,就,像,龍捲風
Boy-Girl,討論,會,煮,三,菜,一,湯,的,男生,普遍,女生,很,加分,嗎
Boy-Girl,討論,分手,後,之前,送,的,東西,都,要,回去
Boy-Girl,分享,愛,的,貓語,50,愛情,素描
Boy-Girl,分享,情緒,價值,其實,就,是,聊天,不,是,嗎
Boy-Girl,討論,女生,好,騙,or,難搞
Boy-Girl,討論,你,爸,姓,害,你,少,繼承,一,間,房
Boy-Girl,求助,第一,次,喜歡,的,人,單獨,出去,玩
Boy-Girl,討論,分手,之後,還可以,當,朋友,嗎
Boy-Girl,討論,為啥,男生,這麼,卑微,也,想,追,妹子
Boy-Girl,討論,如何,抓,女友,相處,的,煞車點
Boy-Girl,討論,你,是,個,好,爸爸,不,是,好,老公
Boy-Girl,討論,應該,如何,正確,的,秀,身家,來,把,妹
Boy-Girl,討論, ig,遇到,忽然,不,想,聊天,的,會,說,原因,嗎
Boy-Girl,討論,有,人,另,一半,一路,aa制,結婚,生子,嗎
Boy-Girl,心情,一,個,女人,我,看清,了,這些,朋友
Boy-Girl,討論,什麼,叫,提供,情緒,價值
Boy-Girl,討論,應該,女友,收,多少,租金
Boy-Girl,討論,有,追求,過,不,主動,的,女孩子,嗎
Boy-Girl,求助,文,好,長,太,笨,的,人,是,不,是,不要,談戀愛
Boy-Girl,分享,愛情,不,是,全,祼秀,文長,可能,煩躁
Boy-Girl,討論,這,種,男生,可以,嗎
Boy-Girl,討論,娛樂,場所,是,不,是,都,不,適合,找,對象
Boy-Girl,討論,怎麽樣,詢問,男性,開車,的,經驗,比較,有,禮貌
Boy-Girl,心情,要,你,幹嘛
Boy-Girl,討論,不能,說,普女,只,能,說,普男
Boy-Girl,討論,南部,是,初階,田僑,條件,算好,嗎
Boy-Girl,討論,女生,看,得,出,男生,眼神,中,的,慾望,嗎
Boy-Girl,討論,怎樣,算,阿法
Boy-Girl,心情,小資男,想,買,好幾萬,的,鋁圈
Boy-Girl,新聞,新北,單身,聯誼,搶破頭,8,場次,逾,4千,人,報名,只
Boy-Girl,討論,另,一半,討論,出國,遊學,對方,的,態度
Boy-Girl,討論,會,造成,壓力,嗎
Boy-Girl,討論,女方,不,喜歡,分享,自己,的,事情
Boy-Girl,分享,愛,會,消失,對,不,對
Boy-Girl,心情,謝謝,大家,的,意見
Boy-Girl,討論,會,覺得,簽,婚前,協議,會,破壞,感,行,嗎
Boy-Girl,求助,網路,聊天,的,問題
Boy-Girl,新聞,一,堆,男,同事,30,歲,仍,單身,過來人,曝,交往,帳
Boy-Girl,心情,迷惘,感情,包容,妥協,接納
Boy-Girl,心情,沒有,結果,的,感情,還,會,把握,最後,的,相處,時間
Boy-Girl,討論,三,字,頭,以下,的,朋友,幾乎,都,不婚
Boy-Girl,討論,為什麼,3x4x,的,女生,不,老帥哥,交往,結婚
Boy-Girl,討論,為什麼,現在,年輕,女生,都,不,談戀愛
Boy-Girl,求助,前任,分手,兩,年,多,又,來,訊息,了
Boy-Girl,討論,交往,很,久,的,對象,會,捨不得,分,嗎
Boy-Girl,分享,家人,fb,的,兩三,事
Boy-Girl,心情,聊,了,很,久,她,才,坦承,自己,是,玩,咖
Boy-Girl,分享,搞笑,愛,的,貓語,49,兩,人,間,愛,的,流動
Boy-Girl,討論,政府,怎麽,台男,都,不,340,歲,的,阿姨,生,小
Boy-Girl,討論, 台男,為什麼,那麼,喜歡,送,禮,當,舔,狗
Boy-Girl,討論,這,個,男生,是,不,是,有點,奇怪
Boy-Girl,討論,男生,塗,指甲油,會,很,娘,嗎
Boy-Girl,求助,分手,前,的,最後,一,餐
Boy-Girl,心情,又,分手,了
Boy-Girl,求助,如何,邀約,前任,成為,炮友
Boy-Girl,討論, dcard, 30,以上,的,情侶,出去,吃飯,還,會,aa制
Boy-Girl,討論,交往,前,要求,對方,附上,大學,成績單,會,過份,嗎
Boy-Girl,討論,美甲,塗,指甲油,美甲片
Boy-Girl,討論, 常,獨旅,的,男生,碰不得
Boy-Girl,分享,關係,維持,增進
Boy-Girl,心情,我,怎麼,了
Boy-Girl,討論,認真,問,前任,婚禮,要,去,嗎
Boy-Girl,分享,我,很,小氣,也,不,記帳,我,有,老婆
Boy-Girl,分享,比較,煩躁,的,長文,來,了,甜言蜜弳
Boy-Girl,求助,如何,做,球,給,女生代,po
Boy-Girl,求助,丟,球,明表,心意,維持,現狀
Boy-Girl,討論,女生,說,是,指教仔,是,什麼,意思
Boy-Girl,討論,女友,互嘴,的,人,多,嗎
Boy-Girl,討論,談戀愛,不,該,糾結,能,在一起,多久,嗎
Boy-Girl,討論,興趣,執著,健身,電動,的,男人,是,極品,吧
Boy-Girl,討論,會,覺得,記帳,的,人,很,窮酸,小氣,嗎
Boy-Girl,討論,認真,問,另,一半,擦,排泄物,你,可以,嗎
Boy-Girl,討論,求婚,的,儀式感
Boy-Girl,討論,去,聯誼,活動,交,不,朋友,討厭
Boy-Girl,心情,有,車,有,房,真的,有,這麼,吸引人,嗎
Boy-Girl,求助,女生,要求,我,做,事,我,不能,反,要求,回去,嗎
Boy-Girl,新聞,新祿島,故事,越南,跨國,婚姻,新二代,縮影
Boy-Girl,周三,搞笑,的,愛,的,貓語,又,出現,愛,的,加值
Boy-Girl,討論,邊,按摩,邊,滑,手機,女生,會,生氣,嗎
Boy-Girl,討論,說,長相,不,重要,的,根本,就,是,騙子
Boy-Girl,討論,拒絕,後,還可以,當,朋友,嗎
Boy-Girl,討論,藥丸,來,藥丸,去,你,才,真的,要,完
Boy-Girl,討論,儀式感,到底,是,什麼
Boy-Girl,分享,打理好,自己,外表,多,認識,人
Boy-Girl,討論,分手,是,兩,個,人,的,事,還是,一,個,人,的
Boy-Girl,討論,錢,找,女人,為何,不,直接,去,嫖妓
Boy-Girl,求助,我,崩潰,就,求偶,焦慮
Boy-Girl,討論,女孩兒,很多,男生,都,不,老實,什麼,我,要
Boy-Girl,討論,紀崴,事件,探討
Boy-Girl,討論,男,醫生,聯誼,市場,是,不,是,無敵
Boy-Girl,分享,伴侶,的,自由,衝擊,關係,底線,時,我,感到,地位
Boy-Girl,分享,網路,交友,踩,雷,奇招
Boy-Girl,討論,迴避型,依附,的,女生,有,什麼,特質
Boy-Girl,分享,愛情,曲線,高潮,之後,的,真相
Boy-Girl,討論,是,不,是,一,堆,人,不,懂,怎麼,談戀愛,啊
Boy-Girl,討論,外表,年齡,實際,年齡,哪,個,重要
Boy-Girl,求助,我,媽,想,談戀愛,卻,找,不,到,對象
Boy-Girl,心情,好像,沒辦法,相信,別人
Boy-Girl,求助,信任感
Boy-Girl,討論,女人,都,愛,錢,那,為什麼,不,好好,賺錢
Boy-Girl,討論,不,辦,婚禮,的,錢,拿去,哪裡,花
Boy-Girl,心情, 見,網友,後,直接,大,幻滅
Boy-Girl,心情,買,車,觀念,的,差距
Boy-Girl,求助,金錢觀,的,差距
Boy-Girl,討論,女生,旁人,敘述,另,一半,的,稱呼
Boy-Girl,討論,情緒,一定,要,爆發,是,什麼,情緒,問題
Boy-Girl,討論,兩,個,女生,好朋友,同時,喜歡,一,個,男生,女生,該
Boy-Girl,討論,單獨,女生,慶祝,生日,邀約,成功
Boy-Girl,討論,愛,卡,慘死,的,經驗
Boy-Girl,討論,生日,請,吃,牛排,為什麼,還要,嫌棄
Boy-Girl,分享,抖音,看到,該,遠離,怎樣,的,女人
Boy-Girl,討論,出軌,的,分別
Boy-Girl,討論,女孩,們,有,辦法,接受,不,辦,婚禮,嗎
Boy-Girl,討論,可以,接受,姐弟戀,差,幾,歲
Boy-Girl,分享,愛,的,貓語,47,愛情,曲線
Boy-Girl,討論,純愛,戰士,是,不,是,本來,就,沒,機會
Boy-Girl,討論,另,一半,異性緣,很,好,會,交往,的,很,累,嗎
Boy-Girl,討論,婚前,輔導,有用,嗎
Boy-Girl,討論, 紅丸, pua,已經,主流,輿論,打倒,了
Boy-Girl,求助,就,求偶,焦慮
Boy-Girl,討論,會,女生,烤,肉,嗎
Boy-Girl,討論,會,給,出軌,的,人,幾,次,機會
Boy-Girl,求助,男友,說,付費,約會,不,算,出軌
Boy-Girl,心情,興趣,難,登,大雅,之,堂,怎麼辦
Boy-Girl,心情,資源,妥善,分配,好像,就,能,吸引,女生,了
Boy-Girl,討論,穩定,交往,突然,要,遠,距離
Boy-Girl,討論,為啥,一,堆,人,有錢,有,房,有,車,還是,找,不,女友
Boy-Girl,討論,大肚,禿頭,哪,個,比較,扣分
Boy-Girl,討論,通常,女生,的,選擇
Boy-Girl,分享,42,歲,當上,阿公,的,故事
Boy-Girl,討論,學妹,14,年,前,已,讀,不,回,後,突然,回覆
Boy-Girl,求助,感覺,這,現象
Boy-Girl,討論,男生,財力,是,硬,傷
Boy-Girl,心情,女生,來,我,家,踩,一,堆,雷 ,該,繼續,嗎
Boy-Girl,討論,大蛇丸,脫離,母胎,單身,了
Boy-Girl,討論,請問,這,是,誇,人,罵人
Boy-Girl,求助,想,送,女,同事,手機,幫,推
Boy-Girl,求助,告白,成功,之後,就,後悔,了
Boy-Girl,討論,社交,軟體,男方,不,舔,是,不,是,就,不用,聊,啦
Boy-Girl,討論,約會,對象,要求,我,朋友,晚餐,錢,全,付
Boy-Girl,討論,矛盾,的,心理
Boy-Girl,分享,愛,的,貓語,46,媽媽,我,伴侶
Boy-Girl,討論,遇到,現任,更,好,的,對象,就,分手,算,渣,嗎
Boy-Girl,求助,已婚,人士,搭訕
Boy-Girl,心情,現今,社會,的,愛情觀
Boy-Girl,討論,刻意,營造成,雙成對,有用,嗎
Boy-Girl,心情,經濟,規劃,很,難,獲得,女方,認同
Boy-Girl,討論,我,覺得,純,父權,純,女權,都,不錯
Boy-Girl,討論, 台妹,外籍妹,更,容易,跑掉
Boy-Girl,討論,女人,青春,有限,青春,女人,無限,這,件,事
Boy-Girl,心情,突然,好,想,妳
Boy-Girl,討論,現在,不婚,不,生,的,心靈,雞湯,是,不,是,特別,激進
Boy-Girl,討論,如何,分辨,交友,軟體,對象,是,不,是,詐騙
Boy-Girl,討論,有,推薦,無,課,的,交友,app,嗎
Boy-Girl,討論,能,接受,對方,父母,住,老人村,嗎
Boy-Girl,心情,為什麼,在一起,之後,變,很,難,聊天
Boy-Girl,討論,心,中,的,疑惑
Boy-Girl,討論, 40,以上,的,正姊,還,有,人妻,要,怎麼,追
Boy-Girl,分享,我,自己,是,邊緣性,人格
Boy-Girl,分享,香,遇,相戀,1717,愛戀趣,2025,跨年,單身,聯誼
Boy-Girl,心情,女生,說,我,自己,沒,要求,擺爛
Boy-Girl,討論,女生,追,是,什麼,情況
Boy-Girl,討論,沒,人,發現,一,個,現象,嗎
Boy-Girl,求助,另,一半,需要,自己,的,空間
Boy-Girl,討論,台灣,為什麼,沒,出租,女友
Boy-Girl,討論,永遠,交,不,女朋友,怎麼辦
Boy-Girl,討論, 房板,熱議,女友,要求,共同,持有,房產
Boy-Girl,分享,愛,的,貓語,45,愛情,長跑
Boy-Girl,討論,你,為什麼,會,玩,交友,軟體
Boy-Girl,心情,曾經,喜歡,的,人,分手,了
Boy-Girl,討論,不,爽,請客,的,男生,為啥,不,反過來,要求,女生,請
Boy-Girl,討論,有,很多,男生,也,是,這樣,嗎
Boy-Girl,分享,人生,第一,次,相親,體驗
Boy-Girl,心情,還好,當初,沒有,選擇,他
Boy-Girl,分享,台灣,男孩,世界,寶藏
Boy-Girl,求助,情侶,室友,吵架,很,失控,會,選擇,退租,嗎
Boy-Girl,討論, aa制,的,女生,會,比較,討人喜歡,嗎
Boy-Girl,討論,男女,單獨,出去,是,不,是,就,是,給,對方,機會
Boy-Girl,討論,有,備胎,修成,正果,的,例子,嗎
Boy-Girl,討論,會,怪,嗎
Boy-Girl,boygirl,看板,選情,報導
Boy-Girl,討論,為啥,女生,吃飯,都,不用,付錢,了,還,存,不,錢
Boy-Girl,討論,請問,還,有,人,娶,2,個,以上,的,老婆,2,房,3,房
Boy-Girl,求助,聽到,前,女友,不幸,的,消息,該,如何,釋懷
Boy-Girl,分享,現代,愛情,異化,為,商品性,的,解藥,影片,分享
Boy-Girl,求助,各位,分手,後,多久,完全,釋懷
Boy-Girl,心情,男生,婚後,要不要,錢,都,給,老婆,管
Boy-Girl,討論,交友,軟體,聊,得,不錯,加,不,賴
Boy-Girl,討論,社交,恐懼,要,怎麼,找,對象
Boy-Girl,討論,朋友,提,分手,之後,被告,侵佔
Boy-Girl,討論,求生,意志,強烈,都,用來,揶揄,男生
Boy-Girl,討論,自欺欺人,能,持續,多久
Boy-Girl,討論,老是,問,你,愛,不,愛,我,的,女生
Boy-Girl,討論,誰,比較,容易,脫單,呢
Boy-Girl,討論,舔,狗,真的,沒有,極限
Boy-Girl,討論,錢,掛,嘴,邊,的,女生,是,不,是,很,討人厭
Boy-Girl,討論,現實,中,不,懂,戀愛,情感,的,人,算,多,嗎
Boy-Girl,討論,到底,怎樣,才,不,算,高攀
Boy-Girl,討論,認識,對象,的,管道
Boy-Girl,討論,真的,會,有,願意,一起,吃苦,的,女生,嗎
Boy-Girl,心情,朋友,追,不,到,女生,就,開始,搞,情,勒
Boy-Girl,求助,告白,後,回覆,時間
Boy-Girl,分享,周三,愛,的,貓語,44,疑心
Boy-Girl,討論,已婚,男人,都,怎麼,妹,的
Boy-Girl,求助,兩,個,角色
Boy-Girl,心情,找,伴侶,幸福,是,每,個,平凡,時刻,的,累積
Boy-Girl,討論,我,想不,到,任何,可以,拒絕,大陸,南森,的,理由,了
Boy-Girl,討論,大家,有,遇,過,似曾相識,的,陌生人,嗎
Boy-Girl,討論,備胎,第二,選擇
Boy-Girl,求助,恨,不,健康,的,還,有,甚麼,嗎
Boy-Girl,討論,經濟,獨立,不,高,姿態,的,女生,哪裡,認識
Boy-Girl,求助,男友,小,缺點,該,怎麼,忍受
Boy-Girl,分享,有,可能,是,我,吵贏,了,嗎
Boy-Girl,討論,中年,離婚,男,vs,中年,單身,男
Boy-Girl,討論,什麼,樣,的,人,不,適合,結婚
Boy-Girl,討論,另,一半,的,第一,次,電影
Boy-Girl,求助,男友,異性,聊天
Boy-Girl,討論, 胡子,改造,計畫,算,成功,嗎
Boy-Girl,討論,普男,玩,交友,軟體,是,不,是,沒,救
Boy-Girl,討論,想,婚姻,長久,找,期待,低,的,人
Boy-Girl,新聞,政治,立場,成,戀愛,門檻,俄國,青年,約,會,先,確認
Boy-Girl,討論,可愛,乖巧,眼鏡妹,是,不,是,不會,交友,軟體,出現
Boy-Girl,討論,認真,問,台灣,女孩,其實,可以,考慮,祖國,男森
Boy-Girl,心情,喜歡,的,女生,喜歡,我,的,好朋友
Boy-Girl,討論,每,年,出國,三,次,以上,很,公主
Boy-Girl,討論, 問,這,兩,人,的,關係,到底,是
Boy-Girl,討論,生,小孩,vs,每,年,出國,6,次
Boy-Girl,討論,很,愛,嘴,別人,自己,卻,從不,道歉,的,另一半
Boy-Girl,心情,任何,事,都,會,另,一半,說,嗎
Boy-Girl,分享,愛,的,貓語,43,天堂,地獄
Boy-Girl,討論,台北,正妹,太,夯,1,年,4,男,吃醋,1,死,1,重傷
Boy-Girl,心情,路,上,看到,的,老夫老妻
Boy-Girl,討論,社會,型態
Boy-Girl,討論,談戀愛,每,個,月,會,花,多少
Boy-Girl,分享, misogyny, to, be, treated, as, extremism
Boy-Girl,討論,搭訕,玩,交友,軟體,不,是,一樣,嗎
Boy-Girl,討論,去,酒店,找,越南妹,何必,花錢,去,越南
Boy-Girl,新聞,抓包,男友,前任,藕斷絲連,她,氣,跳,日月潭
Boy-Girl,討論,專注,的,男人,有,性,魅力,嗎
Boy-Girl,討論,怎樣,才,算,戀愛,腦
Boy-Girl,討論,談戀愛,需要,坦承,過去,嗎
Boy-Girl,討論, 台男,軟弱,為何,要,美化成,溫柔
Boy-Girl,討論,女生,劈腿,比例,是,不,是,變高,了
Boy-Girl,討論,幫助,年輕人,買,房,是否,可,提升,生育率
Boy-Girl,分享,42,歲,男,不婚,不,生,的,故事
Boy-Girl,討論,有,戀人,愛,之間,的,一,堵,牆
Boy-Girl,討論,有,無,房,是,結婚,的,關鍵,之,一,嗎,租到,社宅,是,嗎
Boy-Girl,分享,老王,人妻,搞,婚外情,老王,被告,精神,賠償
Boy-Girl,討論,大學,聯考,學校,能,100,配對,結婚,交友,卻,不行
Boy-Girl,討論,請問,各位,紳士,你,為何,想,交,女友
Boy-Girl,討論,單身女,不,是,龍,就,是,醜,就,是
Boy-Girl,分享,別,再,求偶,焦慮,了
Boy-Girl,心情,凌晨,手機,傳來,訊息,我,交,男朋友,了
Boy-Girl,討論,女生,喜歡,跳舞,是,好事,嗎
Boy-Girl,討論,遠,距離,感情,淡,了,如何,挽救
Boy-Girl,討論,你們,會,常常,另,一半,說,情話,嗎
Boy-Girl,心情,終究,會,過去,現在,的,我,很,難受
Boy-Girl,求助,交友圈,問題
Boy-Girl,求助,該,怎麼,老婆,開口
Boy-Girl,分享,問,道
Boy-Girl,討論,那些,說,暫時,分手,的,情侶,後來,怎麼,了
Boy-Girl,討論,會,伴侶,培養,共同,興趣,增加,話題,嗎
Boy-Girl,心情,我,會,努力,成為,妳,的,守護
Boy-Girl,心情,男女,價值
Boy-Girl,討論,大家,可以,接受,aa制,嗎
Boy-Girl,討論,大家,心,裡,真的,有,年少,白月光,存在,嗎
Boy-Girl,討論,談戀愛,真的,會,讓,人,變,傻
Boy-Girl,分享,愛,的,貓語,42,愛人,做為,愛情,的,導體
Boy-Girl,心情,是非,成敗,轉頭,空,青山,依舊,幾,度,夕陽紅
Boy-Girl,討論,交往,多久,可以,判斷,自己,適不適合
Boy-Girl,求助, ben, whittaker,jules, ostin,沒,做愛,正常
Boy-Girl,討論,感情,中,的,地雷,是,什麼
Boy-Girl,討論,真的,有,緣分,這,回,事,嗎
Boy-Girl,討論,正妹,大多,都,哪,類,人,結婚,錢,帥乖
Boy-Girl,討論,極度,沒,自信,的,銀行員,追求,初戀
Boy-Girl,討論,聊天,有,什麼,技巧
Boy-Girl,討論,碰到,高手,求,相處,策略
Boy-Girl,求助,都,知道,慕強,擇偶,了,為何,不,強大,起來
Boy-Girl,討論,為何,騎士團,當,崩潰,都,要,找,aa,男,出氣
Boy-Girl,討論,為什麼,一定,要,找,不,aa,的,女生,交往,然後,崩潰
Boy-Girl,分享,健身,的,好處
Boy-Girl,討論,女人,真的,好,麻煩
Boy-Girl,參選, eulbos
Boy-Girl,討論,來,台,取,台灣,女孩,的,外國,男性,也,滿多,的,誒
Boy-Girl,新聞,妹子,要求,買,1,物,才,交往,他,問,真的,很,重要,嗎
Boy-Girl,討論,肥宅,們,練,起來
Boy-Girl,分享,悲憤,裸男
Boy-Girl,心情,美國,遇到,的,越南,女生,室友
Boy-Girl,討論,應該,陽明,醫哥,當作,自己,的,目標,無誤
Boy-Girl,討論,娶,越南,新娘,去,當,越南,新郎,不,是,更,好
Boy-Girl,新聞,越南,催,婚,壓力,大,女性,租,男友,情況,激增
Boy-Girl,討論,搭訕,真的,有用,嗎
Boy-Girl,分享,愛,的,貓語,41,糾纏
Boy-Girl,分享,你,所,想像,的,越南,新娘,相親,對象, vs,實際,情況
Boy-Girl,討論,真的,有,人,蘇美,當作,自己,的,目標,嗎
Boy-Girl,討論,難怪,台女,都,愛,89,台男,一,堆,巨嬰
Boy-Girl,分享,我,綠,時,要,責怪,伴侶,第三者,該
Boy-Girl,討論,如何,長期,給,人,有趣,的,感覺
Boy-Girl,求助,堅持,aa,的話,是,不,是,很多,事,都,不能,做,了
Boy-Girl,求助,女生,說,太,急
Boy-Girl,討論,大家,覺得,努力,有用,嗎
Boy-Girl,求助,抽中,機票,請,對方,出,日本,境,內,交通費
Boy-Girl,討論,女生,會,喜歡,大,筆電,小,筆電
Boy-Girl,討論, 台,女,自助餐,台,男
Boy-Girl,討論,社會,地位,的,迷思
Boy-Girl,討論,外籍,女性,配偶,遭受,家暴,比例
Boy-Girl,討論,為什麼,母單,的,蛇丸,可以,始終,保持,善良
Boy-Girl,討論,求偶,焦慮,的,靈魂,拷問
Boy-Girl,討論,身邊,有,女,養,男,的,嗎
Boy-Girl,分享,台男,陸配,故事,更新
Boy-Girl,討論,不,生,的,人,都,曬,人生,政府,還,要,鼓勵,生育
Boy-Girl,討論,普男,jd,三,天,一百多,訊息,正常
Boy-Girl,分享,無,意見,看到,前,女友,網路,上,討拍
Boy-Girl,分享,印尼,女友,印尼,老婆,故事,更新
Boy-Girl,討論,有,男女,朋友,之後,是否,不,應,異性,單獨,出遊
Boy-Girl,討論,男生,滴,酒,不,沾,唱歌,只,呆,坐,一,旁,加分,嗎
Boy-Girl,討論,為什麼,渣,男,沒有,渣,女
Boy-Girl,討論, aa,台男,卻,嚮往,越南,婚姻,是,什麼,心態
Boy-Girl,心情,男友,手機,存,了,一,堆,澀,圖,還,偷,隱藏
Boy-Girl,討論,他,見,國小,新生,男女,崩潰,驚喊,每,班,都,這
Boy-Girl,分享,日本人,觀察,台女,6,特徵,說話,直接,一
Boy-Girl,討論,為啥,沒,聽,過,台女,考慮,陸男
Boy-Girl,討論,另,一半,作息,時間,不,一樣,怎,辦
Boy-Girl,討論,交友,app,配對,太多,會,關,帳號,嗎
Boy-Girl,討論,什麼,是,觀念,正常,的,男生
Boy-Girl,分享,結婚,取代,娶嫁,概念
Boy-Girl,討論,朋友,出國,有,豔遇,是,詐騙,嗎
Boy-Girl,分享, 愛,的,貓語,40,編織,戀愛,夢
Boy-Girl,求助,女伴,說,以後,我,出門,都,不,帶,錢包,了,該,如何,解讀
Boy-Girl,分享,凡事,都,有,第一,次
Boy-Girl,求助,如何,好好,地,結束,一,段,感情
Boy-Girl,討論,高富帥,歡迎,那,高知識,呢
Boy-Girl,分享, threads,上面,少數,觀念,正常,的,女生
Boy-Girl,討論,還,有,適合,找,對象,的,交友,軟體,嗎
Boy-Girl,分享,說話,的,智慧
Boy-Girl,分享,努力,強求,的,界線
Boy-Girl,求助,這,是,做,合理,嗎
Boy-Girl,求助,告白,後,拒絕,還,會,有,互動,嗎
Boy-Girl,討論,現代,女性,必備,龜蜜
Boy-Girl,討論,看待,另,一,伴,的,角度
Boy-Girl,討論,自主,消失,對方,會,很,難過,嗎
Boy-Girl,求助,男友,前,女友,的,婚戒
Boy-Girl,求助,好朋友,出軌,要求,保密
Boy-Girl,新聞,她,讓,男友,接送,嗆,當,uber,司機網,怒轟
Boy-Girl,討論,這,行為,算,裝,凱子,嗎
Boy-Girl,分享,主觀,認知,的,誤差
Boy-Girl,討論,爸爸,兒子,的,影響
Boy-Girl,討論,願意,每,次,都,騎車,來回,一,小,接送,嗎
Boy-Girl,分享,愛,的,貓語,39,愛情,能見度
Boy-Girl,討論,一致,公認,小三,元配,好,的
Boy-Girl,討論,你,各位,能,忍受,好朋友,婚禮,上,鬧,你,場,嗎
Boy-Girl,求助,認真,問,該,怎麼,把握住,機會
Boy-Girl,討論,朋友,很,亂,會,勸,他,嗎
Boy-Girl,討論,爭論,男女,議題,也,算,霸凌,嗎
Boy-Girl,分享,單身,3,年,直,男,工程師,第一,次,外拍,體驗,心得,分
Boy-Girl,求助,飲料店,line,群組,的,女生
Boy-Girl,討論,帥哥,性格,有,缺陷,交,得,到,女友
